WSJ,NY TIMES,WASHINGTON POST,TIME RECORDED
U.S. Eyes Sanctions Against Network It Believes Is Shipping Iranian Oil,"Trained, Armed and Ready. To Teach Kindergarten.","Major legal fights loom over abortion pills, travel out of state","July 31,2022 08:41PM"
Pelosi Plans to Visit Taiwan Despite Warnings by China,"For First Time Since Start of War, a Ship With Grain Leaves Odesa",Thousands of lives depend on a transplant network in need of ‘vast restructuring’,"August 01,2022 11:41AM"
U.S. Drone Strike Killed al Qaeda Leader Zawahiri in Afghanistan,U.S. Drone Strike Kills Qaeda Leader in Kabul,U.S. kills al-Qaeda leader Ayman al-Zawahiri in drone strike in Kabul,"August 01,2022 09:39PM"
Global Markets Fall Ahead of Pelosi’s Taiwan Visit,U.S. Drone Strike Kills Qaeda Leader in Kabul,U.S. kills al-Qaeda leader Ayman al-Zawahiri in drone strike in Kabul,"August 02,2022 06:00AM"
Global Stocks Fall Ahead of Pelosi’s Taiwan Visit,"Pelosi Expected to Arrive in Taiwan, Setting Up Standoff With China",U.S. kills al-Qaeda leader Ayman al-Zawahiri in drone strike in Kabul,"August 02,2022 09:30AM"
U.S. Stocks Fall Ahead of Pelosi’s Taiwan Visit,"Pelosi Expected to Arrive in Taiwan, Setting Up Standoff With China",U.S. kills al-Qaeda leader Ayman al-Zawahiri in drone strike in Kabul,"August 02,2022 10:00AM"
Pelosi Arrives in Taiwan for Closely Watched Trip,"Pelosi Arrives in Taiwan, Raising Tensions With China","Pelosi lands in Taiwan, defying Chinese warnings of forceful response","August 02,2022 11:00AM"
Pelosi Arrives in Taiwan for Closely Watched Trip,Pelosi’s Taiwan Trip Tests China With Highest-Level U.S. Visit Since 1997,"Pelosi lands in Taiwan, defying Chinese warnings of forceful response","August 02,2022 12:00PM"
"Pelosi Arrives in Taiwan, Defying China Warnings",Pelosi’s Taiwan Trip Tests China With Highest-Level U.S. Visit Since 1997,"Pelosi lands in Taiwan, defying Chinese warnings of forceful response","August 02,2022 01:00PM"
"Pelosi Arrives in Taiwan, Defying China Warnings",Nancy Pelosi’s Arrival in Taiwan Draws China’s Condemnation,"Pelosi lands in Taiwan, defying Chinese warnings of forceful response","August 02,2022 02:00PM"
"Pelosi Arrives in Taiwan, Defying China Warnings",Arizona Republicans Warned Fake Electors Plan Could ‘Appear Treasonous’,"Pelosi lands in Taiwan, defying Chinese warnings of forceful response","August 02,2022 05:30PM"
"Pelosi Arrives in Taiwan, Defying China Warnings",Arizona Republicans Warned Fake Electors Plan Could ‘Appear Treasonous’,"Primaries in Mich., Mo. and Ariz. present a fresh test of Trump’s influence","August 02,2022 07:30PM"
"Pelosi Arrives in Taiwan, Defying China Warnings",Arizona Republicans Warned Fake Electors Plan Could ‘Appear Treasonous’,"Polls start to close as Trump looms over primaries in Mich., Mo. and Ariz.","August 02,2022 08:30PM"
"Pelosi Arrives in Taiwan, Defying China Warnings",Arizona Republicans Warned Fake Electors Plan Could ‘Appear Treasonous’,"Primaries live updates: Primaries in Mich., Mo., and Ariz. present a fresh test of Trump’s influence","August 02,2022 09:00PM"
"Pelosi Arrives in Taiwan, Defying China Warnings",Arizona Republicans Warned Fake Electors Plan Could ‘Appear Treasonous’,"Polls start to close as Trump looms over primaries in Mich., Mo. and Ariz.","August 02,2022 09:30PM"
"Pelosi Arrives in Taiwan, Defying China Warnings",Results Stream In on a Primary Night With High Stakes for the G.O.P.,Trump-backed Dixon projected to win GOP primary for Mich. governor,"August 02,2022 10:00PM"
"Pelosi Arrives in Taiwan, Defying China Warnings","On High-Stakes Primary Night, Missouri Rejects Greitens’s Comeback Bid",Missouri AG projected to win GOP Senate nomination over former governor,"August 02,2022 10:30PM"
"Pelosi Arrives in Taiwan, Defying China Warnings",Kansas Votes to Keep Right to Abortion in Its Constitution,Kansans resoundingly reject amendment aimed at restricting abortion rights,"August 02,2022 11:00PM"
Pelosi Meets With Taiwan’s President in Visit Defying China,Kansans Surge to Polls to Defend Abortion Rights,Kansans resoundingly reject amendment aimed at restricting abortion rights,"August 02,2022 11:30PM"
Pelosi Says U.S. Won’t Abandon Taiwan Amid Chinese Anger Over Visit,Kansans Surge to Polls to Defend Abortion Rights,Kansans resoundingly reject amendment aimed at restricting abortion rights,"August 03,2022 03:30AM"
Pelosi Vows ‘Ironclad’ Defense of Taiwan; China Plans Live-Fire Drills,Kansans Surge to Polls to Defend Abortion Rights,Kansans resoundingly reject amendment aimed at restricting abortion rights,"August 03,2022 07:00AM"
"As Pelosi Leaves Taiwan, China’s Military Looms Larger",Kansans Surge to Polls to Defend Abortion Rights,Kansas voters resoundingly reject amendment aimed at restricting abortion rights,"August 03,2022 09:30AM"
Military Tensions Rise as Pelosi Leaves Taiwan,Kansans Surge to Polls to Defend Abortion Rights,Kansas voters resoundingly reject amendment aimed at restricting abortion rights,"August 03,2022 10:00AM"
Military Tensions Rise as Pelosi Leaves Taiwan,Abortion Rights Supporters Win Surprising Victory in Conservative Kansas,Kansas voters resoundingly reject amendment aimed at restricting abortion rights,"August 03,2022 11:00AM"
Nasdaq Leads Stock Rally; Dow Climbs Over 400 Points,Abortion Rights Supporters Win Surprising Victory in Conservative Kansas,Democrats emboldened after Kansas abortion vote as they eye fall campaign,"August 03,2022 02:30PM"
Nasdaq Leads Stock Rally; Dow Climbs Over 400 Points,"In 4 Swing States, G.O.P. Election Deniers Could Oversee Voting",Democrats emboldened after Kansas abortion vote as they eye fall campaign,"August 03,2022 03:30PM"
Walmart Lays Off Hundreds of Corporate Workers,"In 4 Swing States, G.O.P. Election Deniers Could Oversee Voting",Democrats emboldened after Kansas abortion vote as they eye fall campaign,"August 03,2022 05:30PM"
Walmart Lays Off Hundreds of Corporate Workers,Kansas Vote Galvanizes Democrats to Campaign on Abortion Rights,Democrats emboldened after Kansas abortion vote as they eye fall campaign,"August 03,2022 08:30PM"
Walmart Lays Off Hundreds of Corporate Workers,Kansas Vote Galvanizes Democrats to Campaign on Abortion Rights,How abortion rights organizers won in Kansas: Horse parades and canvassing,"August 03,2022 09:00PM"
China Launches Live-Fire Exercises Around Taiwan,Kansas Vote Galvanizes Democrats to Campaign on Abortion Rights,How abortion rights organizers won in Kansas: Horse parades and canvassing,"August 04,2022 04:30AM"
China Begins Naval Drills Near Taiwan After Pelosi Visit,Kansas Vote Galvanizes Democrats to Campaign on Abortion Rights,How abortion rights organizers won in Kansas: Horse parades and canvassing,"August 04,2022 05:00AM"
China Fires Missiles Around Taiwan After Pelosi Visit,Kansas Vote Galvanizes Democrats to Campaign on Abortion Rights,How abortion rights organizers won in Kansas: Horse parades and canvassing,"August 04,2022 05:30AM"
China Fires Missiles Around Taiwan After Pelosi Visit,"Russia’s Shortfalls Create an Opportunity for Ukraine, Western Officials Say",How abortion rights organizers won in Kansas: Horse parades and canvassing,"August 04,2022 06:30AM"
China Fires Missiles Near Taiwan After Nancy Pelosi’s Visit,"Russia’s Shortfalls Create an Opportunity for Ukraine, Western Officials Say","Homeland Security watchdog previously accused of misleading investigators, report says","August 04,2022 07:00AM"
Bank of England Makes Biggest Rate Rise Since 1995,"Russia’s Shortfalls Create an Opportunity for Ukraine, Western Officials Say","Homeland Security watchdog previously accused of misleading investigators, report says","August 04,2022 07:30AM"
Mortgage Rates Reach Lowest Level Since April,"Russia’s Shortfalls Create an Opportunity for Ukraine, Western Officials Say","Homeland Security watchdog previously accused of misleading investigators, report says","August 04,2022 10:30AM"
Mortgage Rates Reach Lowest Level Since April,"Russia’s Shortfalls Create an Opportunity for Ukraine, Western Officials Say",America faces catastrophic teacher shortage,"August 04,2022 11:00AM"
Mortgage Rates Reach Lowest Level Since April,Brittney Griner Is Found Guilty in Russian Trial,America faces catastrophic teacher shortage,"August 04,2022 11:30AM"
Mortgage Rates Reach Lowest Level Since April,Four Officers Face Federal Charges in Breonna Taylor Raid,Russian court sentences WNBA star Brittney Griner to 9 years in prison,"August 04,2022 12:00PM"
Mortgage Rates Reach Lowest Level Since April,Four Officers Face Federal Charges in Breonna Taylor Raid,Russian court sentences WNBA star Brittney Griner to 9 1/2 years in prison,"August 04,2022 02:00PM"
Mortgage Rates Reach Lowest Level Since April,Four Officers Face Federal Charges in Breonna Taylor Raid,Trump voters back his candidates. Some aren’t so sure he should run in 2024.,"August 04,2022 04:30PM"
Warner Bros. Discovery Swings to Loss After Merger,Four Officers Face Federal Charges in Breonna Taylor Raid,Trump voters back his candidates. Some aren’t so sure he should run in 2024.,"August 04,2022 05:00PM"
Warner Bros. Discovery Weighs Free Ad-Supported Streaming Plan,Four Officers Face Federal Charges in Breonna Taylor Raid,Trump voters back his candidates. Some aren’t so sure he should run in 2024.,"August 04,2022 05:30PM"
Warner Bros. Discovery Weighs Free Ad-Supported Streaming Plan,Jurors Award $4.1 Million in Damages in Alex Jones Trial,Trump voters back his candidates. Some aren’t so sure he should run in 2024.,"August 04,2022 06:30PM"
Warner Bros. Discovery Weighs Free Ad-Supported Streaming Plan,Jurors Award $4.1 Million in Damages in Alex Jones Trial,"Alex Jones should pay $4.1 million over Sandy Hook remarks, jury says","August 04,2022 07:30PM"
Warner Bros. Discovery Weighs Free Ad-Supported Streaming Plan,Jurors Award $4.1 Million in Damages in Alex Jones Trial,"Democrats, Sinema reach deal on new taxes in Inflation Reduction Act","August 04,2022 09:30PM"
Warner Bros. Discovery Weighs Free Ad-Supported Streaming Plan,"Sinema Agrees to Climate and Tax Deal, Clearing Way for Senate Vote","Democrats, Sinema reach deal on new taxes in Inflation Reduction Act","August 04,2022 10:00PM"
Warner Bros. Discovery Weighs Free Ad-Supported Streaming Plan,"Sinema Agrees to Climate and Tax Deal, Clearing Way for Senate Vote","Democrats, Sinema reach deal on Inflation Reduction Act, after key changes to tax policies","August 04,2022 11:00PM"
Japan Calls on China to End Military Exercises Around Taiwan,"Sinema Agrees to Climate and Tax Deal, Clearing Way for Senate Vote","Democrats, Sinema reach deal on Inflation Reduction Act, after key changes to tax policies","August 04,2022 11:30PM"
Pelosi Says U.S. Won’t Allow China to Isolate Taiwan,"Sinema Agrees to Climate and Tax Deal, Clearing Way for Senate Vote","Democrats, Sinema reach deal on Inflation Reduction Act, after key changes to tax policies","August 05,2022 12:00AM"
"Cooling U.S. Labor Market Weighed by Fed Hike, Inflation","Sinema Agrees to Climate and Tax Deal, Clearing Way for Senate Vote","Democrats, Sinema reach deal on Inflation Reduction Act, after key changes to tax policies","August 05,2022 06:00AM"
"U.S. to Report July Jobs Data Amid Rate Rises, Inflation","Sinema Agrees to Climate and Tax Deal, Clearing Way for Senate Vote","Democrats, Sinema reach deal on Inflation Reduction Act","August 05,2022 07:30AM"
U.S. to Report on July Hiring Amid Economic Worries,"Sinema Agrees to Climate and Tax Deal, Clearing Way for Senate Vote","Democrats, Sinema reach deal on Inflation Reduction Act","August 05,2022 08:00AM"
"U.S. Economy Added 528,000 Jobs in July","U.S. Added 528,000 Jobs in July, Vastly Outstripping Expectations","Employers added 528,000 jobs in July more than doubling expectations","August 05,2022 09:00AM"
"U.S. Economy Added 528,000 Jobs in July","U.S. Added 528,000 Jobs in July, Vastly Outstripping Expectations","Employers added 528,000 jobs in July shattering expectations","August 05,2022 09:30AM"
"Strong Hiring in July Added 528,000 Jobs to Economy","U.S. Added 528,000 Jobs in July as Hiring Surged","Employers added 528,000 jobs in July shattering expectations","August 05,2022 10:00AM"
"Strong Hiring in July Added 528,000 Jobs to Economy","U.S. Added 528,000 Jobs in July as Hiring Surged","Employers added 528,000 jobs in July, shattering expectations","August 05,2022 10:30AM"
"Strong Hiring in July Added 528,000 Jobs to Economy",Democrats’ Long-Sought Plan for Lowering Drug Costs Is at Hand,"Employers added 528,000 jobs in July, shattering expectations","August 05,2022 05:00PM"
Jobs Return to Prepandemic Mark as Hiring Accelerates,Democrats’ Long-Sought Plan for Lowering Drug Costs Is at Hand,"Employers added 528,000 jobs in July, shattering expectations","August 05,2022 05:30PM"
Jobs Return to Prepandemic Mark as Hiring Accelerates,Jury in Alex Jones Trial Awards $45 Million to Sandy Hook Parents,"Employers added 528,000 jobs in July, shattering expectations","August 05,2022 06:00PM"
Jobs Return to Prepandemic Mark as Hiring Accelerates,Democrats’ Long-Sought Plan for Lowering Drug Costs Is at Hand,"Employers added 528,000 jobs in July, shattering expectations","August 05,2022 06:30PM"
Jobs Return to Prepandemic Mark as Hiring Accelerates,Jury in Alex Jones Trial Awards $45 Million to Sandy Hook Parents,"Russia’s vow to annex occupied Ukraine sparks divisions, pleas for aid","August 05,2022 07:00PM"
Jobs Return to Prepandemic Mark as Hiring Accelerates,Jury in Alex Jones Trial Awards $45 Million to Sandy Hook Parents,"Indiana passes near-total abortion ban, the first state to do so post-Roe","August 06,2022 12:00AM"
Jobs Return to Prepandemic Mark as Hiring Accelerates,How This Economic Moment Is Rewriting the Rules,"Indiana passes near-total abortion ban, the first state to do so post-Roe","August 06,2022 06:00AM"
China Simulates Attack on Taiwan in Third Day of Drills,How This Economic Moment Is Rewriting the Rules,"Indiana passes near-total abortion ban, the first state to do so post-Roe","August 06,2022 09:00AM"
China Simulates Attack on Taiwan in Third Day of Drills,How This Economic Moment Is Rewriting the Rules,"The economy is growing by one measure, shrinking by another","August 06,2022 09:30AM"
Democrats’ Climate Plan Gets Early Green Light,How This Economic Moment Is Rewriting the Rules,"The economy is growing by one measure, shrinking by another","August 06,2022 11:30AM"
Democrats’ Climate Plan Gets Early Green Light,How This Economic Moment Is Rewriting the Rules,A challenge for antiabortion states: Doctors reluctant to work there,"August 06,2022 01:30PM"
Democrats Prepare to Advance Climate and Tax Deal,How This Economic Moment Is Rewriting the Rules,A challenge for antiabortion states: Doctors reluctant to work there,"August 06,2022 05:00PM"
Democrats Prepare to Advance Climate and Tax Deal,"In Turbulent Times, Xi Builds a Security Fortress for China, and Himself",A challenge for antiabortion states: Doctors reluctant to work there,"August 06,2022 05:30PM"
Senate Democrats Advance Climate and Tax Deal,"In Turbulent Times, Xi Builds a Security Fortress for China, and Himself","Indiana’s sweeping abortion ban leads to immediate political, economic fallout","August 06,2022 08:00PM"
Senate Democrats Close In on Passing Climate and Tax Bill,"In Turbulent Times, Xi Builds a Security Fortress for China, and Himself","Indiana’s sweeping abortion ban leads to immediate political, economic fallout","August 07,2022 01:30AM"
"Senate Democrats Close In on Passing Climate, Tax Bill","In Turbulent Times, Xi Builds a Security Fortress for China, and Himself","Indiana’s sweeping abortion ban leads to immediate political, economic fallout","August 07,2022 03:30AM"
"Senate Democrats Close In on Passing Climate, Tax Bill","Climate and Tax Bill Scales Senate Hurdle, Paving Path to Passage","Indiana’s sweeping abortion ban leads to immediate political, economic fallout","August 07,2022 06:00AM"
"Senate Democrats Close In on Passing Climate, Tax Bill",Voting Slogs On as Senate Moves to Pass Long Sought Climate and Tax Bill,"Indiana’s sweeping abortion ban leads to immediate political, economic fallout","August 07,2022 08:30AM"
"Senate Democrats Close In on Passing Climate, Tax Bill",Senate Democrats in Final Drive for Passage of Health and Climate Bill,Senate inches toward passage of Inflation Reduction Act amid marathon debate,"August 07,2022 10:30AM"
"Senate Democrats Close In on Passing Climate, Tax Bill",Senate Democrats in Final Drive for Passage of Health and Climate Bill,Senate inches toward passage of spending bill amid marathon debate,"August 07,2022 12:30PM"
"Senate Passes Climate, Healthcare and Tax Bill",Senate Passes Major Climate and Tax Legislation,"Senate approves spending bill, clinching long-delayed health and climate agenda","August 07,2022 03:30PM"
"Senate Passes Climate, Healthcare and Tax Bill","Senate Passes Climate, Health and Tax Legislation","Senate approves spending bill, clinching long-delayed health, climate agenda","August 07,2022 07:30PM"
"Senate Passes Climate, Healthcare and Tax Bill",Senate Vote Puts Climate Action in Reach,"Senate approves spending bill, clinching long-delayed health, climate agenda","August 07,2022 10:00PM"
"Senate Passes Climate, Healthcare and Tax Bill",Five Decades in the Making: Why It Took Congress So Long to Act on Climate,"Senate approves spending bill, clinching long-delayed health, climate agenda","August 08,2022 06:00AM"
"Senate Passes Climate, Healthcare and Tax Bill",Five Decades in the Making: Why It Took Congress So Long to Act on Climate,Questions loom over impact of $369 billion in new climate spending,"August 08,2022 07:00AM"
SoftBank Reports Record Loss as Tech Downturn Hits,Five Decades in the Making: Why It Took Congress So Long to Act on Climate,"After passage of climate bill, long road awaits","August 08,2022 07:30AM"
SoftBank Reports Record Loss as Tech Downturn Hits,Five Decades in the Making: Why It Took Congress So Long to Act on Climate,Barriers persist and stumbles are inevitable despite $369 billion in climate spending,"August 08,2022 09:00AM"
SoftBank Reports Record Loss as Tech Downturn Hits,Five Decades in the Making: Why It Took Congress So Long to Act on Climate,Barriers persist despite $369 billion in climate spending,"August 08,2022 10:30AM"
SoftBank Reports Record Loss as Tech Downturn Hits,"Despite Climate Bill, Electric Cars Will Remain Out of Reach for Many","Post Roe, some in GOP wage uphill battle to offer families more support","August 08,2022 01:00PM"
"Gender Pay Gap Opens Early, Data Show","Analysis: A String of Good News for Biden, but Concerns Remain","Post Roe, some in GOP wage uphill battle to offer families more support","August 08,2022 03:00PM"
Stocks Close Mixed With Earnings in Focus,"Analysis: A String of Good News for Biden, but Concerns Remain","Post Roe, some in GOP wage uphill battle to offer families more support","August 08,2022 05:30PM"
"Nasdaq and S&P Finish Lower, but Blue Chips Gain","Analysis: A String of Good News for Biden, but Concerns Remain","Post Roe, some in GOP wage uphill battle to offer families more support","August 08,2022 06:00PM"
"Tesla, EV Makers Stand to Get Billions for Factories From Senate Bill","Analysis: A String of Good News for Biden, but Concerns Remain","Post Roe, some in GOP wage uphill battle to offer families more support","August 08,2022 06:30PM"
Senate Climate Bill Gives EVs Funds but Limits Subsidy,"Analysis: A String of Good News for Biden, but Concerns Remain","Post Roe, some in GOP wage uphill battle to offer families more support","August 08,2022 07:00PM"
Senate Climate Bill Gives EVs Funds but Limits Subsidy,F.B.I. Searches Trump’s Home in Florida,"Post Roe, some in GOP wage uphill battle to offer families more support","August 08,2022 07:30PM"
Trump Says Mar-a-Lago Home Raided by FBI Agents,F.B.I. Searches Trump’s Home in Florida,"FBI searches Trump’s safe at Mar-a-Lago club, former president says","August 08,2022 08:00PM"
FBI Raids Trump’s Mar-a-Lago Home in Florida,F.B.I. Searches Trump’s Home in Florida,"FBI searches Trump’s safe at Mar-a-Lago club, former president says","August 08,2022 09:30PM"
FBI Raids Trump’s Mar-a-Lago Home in Florida,"F.B.I. Searches Mar-a-Lago, Trump Says","FBI searches Trump’s safe at Mar-a-Lago club, former president says","August 08,2022 10:00PM"
FBI Searches Trump Mar-a-Lago Home in Florida,"F.B.I. Searches Mar-a-Lago, Trump Says","FBI searches Trump’s safe at Mar-a-Lago club, former president says","August 08,2022 10:30PM"
FBI Searches Trump Home in Florida,"F.B.I. Searches Mar-a-Lago, Trump Says","FBI searches Trump’s safe at Mar-a-Lago club, former president says","August 09,2022 02:30AM"
"State, City Pension Funds Post Worst Year Since 2009","F.B.I. Searches Mar-a-Lago, Trump Says","FBI searches Trump’s safe at Mar-a-Lago club, former president says","August 09,2022 06:00AM"
"State, City Pension Funds Post Worst Year Since 2009",F.B.I. Searches Trump’s Mar-a-Lago Residence,"FBI searches Trump’s safe at Mar-a-Lago club, former president says","August 09,2022 08:00AM"
FBI Searches Trump’s Mar-a-Lago Home in Document Investigation,F.B.I. Searches Trump’s Mar-a-Lago Residence,"FBI searches Trump’s safe at Mar-a-Lago club, former president says","August 09,2022 08:30AM"
Republicans Criticize FBI Search of Trump’s Florida Home,F.B.I. Searches Trump’s Mar-a-Lago Residence,"FBI searches Trump’s safe at Mar-a-Lago club, former president says","August 09,2022 09:00AM"
Republicans Criticize FBI Search of Trump Home,Trump’s Private Residence in Florida Searched by F.B.I.,"GOP criticizes FBI search of Trump residence, vows to investigate Justice Dept.","August 09,2022 10:00AM"
Republicans Criticize FBI Search of Trump Home,White House Files Under Scrutiny in Trump Search,"GOP criticizes FBI search of Trump residence, vows to investigate Justice Dept.","August 09,2022 10:30AM"
Republicans Criticize FBI Search of Trump Home,"White House Files Under Scrutiny in Trump Search, Signaling Inquiry’s Depth","GOP criticizes FBI search of Trump residence, vows to investigate Justice Dept.","August 09,2022 02:00PM"
FBI Search of Trump Property Prompted by Concerns Over Sensitive Documents,"White House Files Under Scrutiny in Trump Search, Signaling Inquiry’s Depth","GOP criticizes FBI search of Trump residence, vows to investigate Justice Dept.","August 09,2022 03:30PM"
FBI Search of Trump Property Prompted by Concerns Over Sensitive Documents,"White House Files Under Scrutiny in Trump Search, Signaling Inquiry’s Depth","Mar-a-Lago search appears focused on whether Trump, aides withheld items","August 09,2022 06:00PM"
Search of Trump Home Prompted by Concerns Over Classified Records,"White House Files Under Scrutiny in Trump Search, Signaling Inquiry’s Depth","Mar-a-Lago search appears focused on whether Trump, aides withheld items","August 09,2022 08:30PM"
Search of Trump Home Prompted by Concerns Over Classified Records,F.B.I. Search of Trump’s Home Pushes Long Conflict Into Public View,"Mar-a-Lago search appears focused on whether Trump, aides withheld items","August 09,2022 09:00PM"
U.S. to Report July Inflation as Economy Cooled,U.S. Inflation Report for July Is Expected to Show Easing Prices,"Mar-a-Lago search appears focused on whether Trump, aides withheld items","August 10,2022 06:00AM"
U.S. to Report July Inflation as Economy Cooled,U.S. Inflation Report for July Is Expected to Show Price Increases Slowing,"Mar-a-Lago search appears focused on whether Trump, aides withheld items","August 10,2022 07:00AM"
Trump to be Deposed by NY Attorney General,U.S. Inflation Report for July Is Expected to Show Price Increases Slowing,"Mar-a-Lago search appears focused on whether Trump, aides withheld items","August 10,2022 08:00AM"
Trump to Be Deposed by NY Attorney General,U.S. Inflation Report for July Is Expected to Show Price Increases Slowing,"Mar-a-Lago search appears focused on whether Trump, aides withheld items","August 10,2022 08:30AM"
U.S. Inflation Eased Slightly to 8.5% in July,U.S. Inflation Cools in July Even as Cost of Many Goods Remains High,"Inflation eased in July from a year ago, as energy prices fell off summer peaks","August 10,2022 09:00AM"
U.S. Inflation Eased Slightly to 8.5% in July,U.S. Inflation Cools in July Even as Cost of Many Goods Remains High,Inflation eased in July as energy prices fell off summer peaks,"August 10,2022 10:00AM"
U.S. Inflation Eased Slightly to 8.5% in July,Trump Invokes Fifth Amendment in New York Inquiry,Inflation eased in July as energy prices fell off summer peaks,"August 10,2022 10:30AM"
U.S. Inflation Eased Slightly to 8.5% in July,Trump Invokes Fifth Amendment in New York Deposition,Inflation eased in July as energy prices fell off summer peaks,"August 10,2022 11:00AM"
Pace of Inflation Eased in July as Energy Costs Dropped,Trump Invokes Fifth Amendment in New York Deposition,Inflation eased in July as energy prices fell off summer peaks,"August 10,2022 12:00PM"
Pace of Inflation Eased in July as Energy Costs Dropped,Trump Invokes Fifth Amendment in New York Deposition,Democrats savor spending bill — and some tell voters they want to do more,"August 10,2022 01:00PM"
Pace of Inflation Eased in July as Energy Costs Dropped,"Invoking the Fifth Amendment in New York, Trump Takes a Gamble",Democrats savor spending bill — and some tell voters they want to do more,"August 10,2022 04:00PM"
Tech Shares Lead Stock Rally as Inflation Rate Eases,"Invoking the Fifth Amendment in New York, Trump Takes a Gamble",Democrats savor spending bill — and some tell voters they want to do more,"August 10,2022 04:30PM"
Tech Shares Lead Stock Rally as Inflation Rate Eases,"Invoking the Fifth Amendment in New York, Trump Takes a Gamble","Amid tumultuous week, Trump takes the Fifth on hundreds of questions","August 10,2022 08:00PM"
Tech Shares Lead Stock Rally as Inflation Rate Eases,"Trump Invokes Fifth Amendment, Attacking Legal System as Troubles Mount","Amid tumultuous week, Trump takes the Fifth on hundreds of questions","August 10,2022 08:30PM"
Tech-Led Nasdaq Enters Bull Market,"Trump Invokes Fifth Amendment, Attacking Legal System as Troubles Mount","Amid tumultuous week, Trump takes the Fifth on hundreds of questions","August 10,2022 10:00PM"
"Disney Posts Profit Surge, Cuts Forecast on Streaming Users","Trump Invokes Fifth Amendment, Attacking Legal System as Troubles Mount","Amid tumultuous week, Trump takes the Fifth on hundreds of questions","August 11,2022 12:00AM"
"Disney Posts Profit Surge, Cuts Forecast on Streaming Users",Gas Prices in the U.S. Fall Below $4 a Gallon,"Amid tumultuous week, Trump takes the Fifth on hundreds of questions","August 11,2022 03:30AM"
Stocks Futures Rise After Nasdaq Enters Bull Market,Gas Prices in the U.S. Fall Below $4 a Gallon,"Amid tumultuous week, Trump takes the Fifth on hundreds of questions","August 11,2022 05:30AM"
Stocks Futures Rise After Nasdaq Enters Bull Market,A Welcome Change for Drivers: U.S. Gas Prices Fall Below $4 a Gallon,"Amid tumultuous week, Trump takes the Fifth on hundreds of questions","August 11,2022 06:00AM"
Stock Futures Rise After Nasdaq Enters Bull Market,A Welcome Change for Drivers: U.S. Gas Prices Fall Below $4 a Gallon,"Amid tumultuous week, Trump takes the Fifth on hundreds of questions","August 11,2022 07:00AM"
Stock Futures Rise After Nasdaq Enters Bull Market,U.S. Drivers See Some Relief as Gas Drops Below $4 a Gallon,"Amid tumultuous week, Trump takes the Fifth on hundreds of questions","August 11,2022 08:00AM"
Stocks Extend Rally After Nasdaq Enters Bull Market,U.S. Drivers See Some Relief as Gas Drops Below $4 a Gallon,"Amid tumultuous week, Trump takes the Fifth on hundreds of questions","August 11,2022 10:00AM"
Stocks Extend Rally After Nasdaq Enters Bull Market,U.S. Drivers See Some Relief as Gas Drops Below $4 a Gallon,Climate change’s impact intensifies as U.S. prepares to take action,"August 11,2022 11:30AM"
Stocks Extend Rally After Nasdaq Enters Bull Market,Falling Gas Prices Offer Some Relief Amid Inflation Worries,"Arctic is warming faster than expected, study finds","August 11,2022 12:00PM"
Stocks Extend Rally on Hopes Inflation Has Peaked,Falling Gas Prices Offer Some Relief Amid Inflation Worries,"Arctic is warming faster than expected, study finds","August 11,2022 12:30PM"
U.S. Home Prices Jumped to Record in Second Quarter,Trump Was Subpoenaed for Documents Months Before F.B.I. Searched His Home,"Arctic is warming faster than expected, study finds","August 11,2022 01:30PM"
U.S. Home Prices Jumped to Record in Second Quarter,Attorney General Merrick Garland is scheduled to speak shortly. Watch live.,"Arctic is warming faster than expected, study finds","August 11,2022 03:00PM"
Attorney General Merrick Garland Asks Court to Release Trump Search Warrant,Garland Moves to Unseal Search Warrant Used in Trump Inquiry,Garland asks judge to unseal search warrant for Trump’s Fla. home,"August 11,2022 03:30PM"
Attorney General Garland Asks Judge to Release Trump Search Warrant,"The C.D.C eased its Covid-19 guidance, eliminating quarantines for those exposed to the virus and loosening other key recommendations.",Garland asks judge to unseal search warrant for Trump’s Fla. home,"August 11,2022 04:00PM"
Attorney General Garland Asks Judge to Release Trump Search Warrant,Garland Moves to Unseal Warrant Used in Trump Search,Garland asks judge to unseal search warrant for Trump’s Fla. home,"August 11,2022 04:30PM"
Attorney General Garland Asks Judge to Release Trump Search Warrant,Garland Moves to Unseal Warrant Used in Trump Search,"FBI searched Trump’s home to look for nuclear documents and other items, sources say","August 11,2022 08:30PM"
Trump Won’t Oppose Release of Search Warrant,Garland Moves to Unseal Warrant Used in Trump Search,"FBI searched Trump’s home to look for nuclear documents and other items, sources say","August 12,2022 01:30AM"
Trump Won’t Oppose Release of Search Warrant,Analysis: A Poisoned Relationship for Trump and the Keepers of U.S. Secrets,"FBI searched Trump’s home to look for nuclear documents and other items, sources say","August 12,2022 06:00AM"
Trump Won’t Oppose Release of Search Warrant,Mar-a-Lago Search Said to Be Part of Effort to Find Highly Classified Material,"FBI searched Trump’s home to look for nuclear documents and other items, sources say","August 12,2022 09:00AM"
Trump Won’t Oppose Release of Search Warrant,"Polio has been detected in New York City wastewater, suggesting the virus is circulating. It is a risk to the unvaccinated.","FBI searched Trump’s home to look for nuclear documents and other items, sources say","August 12,2022 11:00AM"
Trump Won’t Oppose Release of Search Warrant,Mar-a-Lago Search Said to Be Part of Effort to Find Highly Classified Material,"FBI searched Trump’s home to look for nuclear documents and other items, sources say","August 12,2022 11:30AM"
FBI Recovered 11 Sets of Classified Documents in Trump Search,Search Warrant Used in Trump’s Home Could Be Released as Soon as Today,"FBI searched Trump’s home to look for nuclear documents and other items, sources say","August 12,2022 01:30PM"
FBI Recovered 11 Sets of Classified Documents in Trump Search,"Files Taken From Trump’s Home Included Classified Material, Report Says","FBI searched Trump’s home to look for nuclear documents and other items, sources say","August 12,2022 02:00PM"
FBI Recovered 11 Sets of Classified Documents in Trump Search,Files Taken From Trump’s Home Included Classified Material,"FBI searched Trump’s home to look for nuclear documents and other items, sources say","August 12,2022 03:30PM"
FBI Recovered 11 Sets of Classified Documents in Trump Search,Files Taken From Trump’s Home Included Classified Material,Trump warrant papers list 11 sets of classified documents seized,"August 12,2022 04:00PM"
FBI Recovered 11 Sets of Classified Documents in Trump Search,Files Seized From Trump Are Part of Espionage Act and Obstruction Inquiries,"Agents at Trump’s Mar-a-Lago seized 11 sets of classified documents, unsealed filing shows ","August 12,2022 04:30PM"
FBI Recovered 11 Sets of Classified Documents in Trump Search,Trump Files Part of Espionage Act and Obstruction Inquiries,"Agents at Trump’s Mar-a-Lago seized 11 sets of classified documents, unsealed filing shows ","August 12,2022 05:00PM"
FBI Recovered 11 Sets of Classified Documents in Trump Search,Files Are Part of Espionage Act and Obstruction Inquiries,"Agents at Trump’s Mar-a-Lago seized 11 sets of classified documents, unsealed filing shows ","August 12,2022 05:30PM"
FBI Recovered 11 Sets of Classified Documents in Trump Search,Files Seized From Trump Are Part of Espionage Act Inquiry,"Agents at Trump’s Mar-a-Lago seized 11 sets of classified documents, court filing shows ","August 12,2022 06:00PM"
FBI Recovered 11 Sets of Classified Documents in Trump Search,Files Seized From Trump Are Part of Espionage Act Inquiry,"Agents at Trump’s Mar-a-Lago seized 11 sets of classified documents, unsealed filing shows","August 12,2022 07:30PM"
Climate Bill Success Hinges on Timely Project Build-Out,Files Seized From Trump Are Part of Espionage Act Inquiry,"Agents at Trump’s Mar-a-Lago seized 11 sets of classified documents, unsealed filing shows","August 13,2022 06:00AM"
Climate Bill Success Hinges on Timely Project Build-Out,Files Seized From Trump Are Part of Espionage Act Inquiry,"Agents at Trump’s Mar-a-Lago seized 11 sets of classified material, filing shows","August 13,2022 08:00AM"
Climate Bill Success Hinges on Timely Project Build-Out,Files Seized From Trump Are Part of Espionage Act Inquiry,The surprising political shifts that led to the climate bill’s passage,"August 13,2022 12:00PM"
Climate Bill Success Hinges on Timely Project Build-Out,Trump Lawyer Told Justice Dept. That Classified Material Had Been Returned,The surprising political shifts that led to the climate bill’s passage,"August 13,2022 01:00PM"
Climate Bill Success Hinges on Timely Project Build-Out,Trump Lawyer Told Justice Dept. That Classified Material Had Been Returned,Mar-a-Lago search shows how records dispute became a national security probe,"August 13,2022 06:30PM"
Market Rebound Has Some Investors Unconvinced,Trump Lawyer Told Justice Dept. That Classified Material Had Been Returned,Mar-a-Lago search shows how records dispute became a national security probe,"August 14,2022 06:00AM"
Market Rebound Has Some Investors Unconvinced,Why Abortion Has Become a Centerpiece of Democratic TV Ads in 2022,Mar-a-Lago search shows how records dispute became a national security probe,"August 14,2022 06:30AM"
Market Rebound Has Some Investors Unconvinced,Why Abortion Has Become a Centerpiece of Democratic TV Ads in 2022,Falling global food and fuel costs offer poor countries little relief,"August 14,2022 01:00PM"
Market Rebound Fails to Convince Some Investors,Why Abortion Has Become a Centerpiece of Democratic TV Ads in 2022,Falling global food and fuel costs offer poor countries little relief,"August 14,2022 01:30PM"
Market Rebound Fails to Convince Some Investors,Why Abortion Has Become a Centerpiece of Democratic TV Ads in 2022,Commodities return to pre-war prices. Why are officials still sounding the alarm for poor countries?,"August 14,2022 02:30PM"
Market Rebound Fails to Convince Some Investors,Why Abortion Has Become a Centerpiece of Democratic TV Ads in 2022,Michigan plot to breach voting machines points to a national pattern ,"August 14,2022 08:00PM"
Market Rebound Fails to Convince Some Investors,"As Republicans Move to Defend Trump, Deep Fissures Emerge in the Party",Michigan plot to breach voting machines points to a national pattern ,"August 14,2022 10:00PM"
"China’s Growth Slows, Prompting Surprise Rate Cut","As Republicans Move to Defend Trump, Deep Fissures Emerge in the Party",Michigan plot to breach voting machines points to a national pattern ,"August 15,2022 03:30AM"
"China’s Growth Slows, Prompting Surprise Rate Cut","As Republicans Move to Defend Trump, Deep Fissures Emerge in the Party",Michigan plot to breach voting machines points to a national pattern,"August 15,2022 07:30AM"
"China’s Growth Slows, Prompting Surprise Rate Cut","As Republicans Move to Defend Trump, Deep Fissures Emerge in the Party",Election deniers march toward power in key 2024 battlegrounds,"August 15,2022 08:30AM"
Oil Prices Drop on Worries About China Demand,Six Weeks of ‘Hell’: Inside Russia’s Brutal Ukraine Detentions,Election deniers march toward power in key 2024 battlegrounds,"August 15,2022 10:30AM"
Oil Prices Drop on Worries About China Demand,Six Weeks of ‘Hell’: Inside Russia’s Brutal Ukraine Detentions,"Trump-allied lawyers pursued voting machine data in multiple states, records reveal","August 15,2022 12:30PM"
Oil Prices Drop on Worries About China Demand,Giuliani Is Target of Georgia Criminal Inquiry on Election Interference,"Trump-allied lawyers pursued voting machine data in multiple states, records reveal","August 15,2022 01:30PM"
Oil Prices Drop on Worries About China Demand,Giuliani Is a Target of Georgia Criminal Inquiry on Election Interference,"Trump-allied lawyers pursued voting machine data in multiple states, records reveal","August 15,2022 02:00PM"
Oil Prices Drop on Worries About China Demand,Giuliani Is Told He Is a Target of Trump Election Inquiry in Georgia,"Trump-allied lawyers pursued voting machine data in multiple states, records reveal","August 15,2022 03:00PM"
"Disney Urged by Activist to Spin Off ESPN, Buy Hulu",Giuliani Is Told He Is a Target of Trump Election Inquiry in Georgia,"Trump-allied lawyers pursued voting machine data in multiple states, records reveal","August 15,2022 05:00PM"
"Disney Urged by Activist to Spin Off ESPN, Buy Hulu",Giuliani Is Told He Is a Target of Trump Election Inquiry in Georgia,"Trump-allied lawyers pursued voting machine data in several states, records show","August 15,2022 06:00PM"
"Disney Urged by Activist to Spin Off ESPN, Buy Hulu",Giuliani Is Told He Is a Target in Trump Election Inquiry in Georgia,"Trump-allied lawyers pursued voting machine data in several states, records show","August 15,2022 06:30PM"
"Disney Urged by Activist to Spin Off ESPN, Buy Hulu",Giuliani Is Told He Is a Target in Trump Election Inquiry in Georgia,Liz Cheney’s political life is likely ending — and just beginning,"August 15,2022 08:30PM"
"Disney Urged by Activist to Spin Off ESPN, Buy Hulu","Justice Dept. Opposes Affidavit Release, Fearing it Will ‘Chill’ Inquiry",Liz Cheney’s political life is likely ending — and just beginning,"August 15,2022 09:30PM"
"Disney Urged by Activist to Spin Off ESPN, Buy Hulu","Justice Dept. Opposes Affidavit Release, Fearing It Will ‘Chill’ Inquiry",Liz Cheney’s political life is likely ending — and just beginning,"August 15,2022 10:30PM"
"Disney Urged by Activist to Spin Off ESPN, Buy Hulu","Justice Dept. Opposes Affidavit Release, Fearing It Will ‘Chill’ Inquiry","U.S. struggled to convince allies, and Zelensky, of risk of invasion","August 16,2022 05:30AM"
U.S. Approves Nearly All Tech Exports to China,Prosecutors Struggle to Catch Up to a Tidal Wave of Pandemic Fraud,"U.S. struggled to convince allies, and Zelensky, of risk of invasion","August 16,2022 06:00AM"
"Walmart Revenue, Profit Rise as Higher Prices Lift Business",Prosecutors Struggle to Catch Up to a Tidal Wave of Pandemic Fraud,"U.S. struggled to convince allies, and Zelensky, of risk of invasion","August 16,2022 08:00AM"
"Walmart Revenue, Profit Rise",Prosecutors Struggle to Catch Up to a Tidal Wave of Pandemic Fraud,"U.S. struggled to convince allies, and Zelensky, of risk of invasion","August 16,2022 08:30AM"
Walmart Profit Rises as Higher Prices Lift Sales,Prosecutors Struggle to Catch Up to a Tidal Wave of Pandemic Fraud,"U.S. struggled to convince allies, and Zelensky, of risk of invasion","August 16,2022 09:00AM"
Walmart Revenue Rises as Higher Prices Lift Business,Prosecutors Struggle to Catch Up to a Tidal Wave of Pandemic Fraud,"U.S. struggled to convince allies, and Zelensky, of risk of invasion","August 16,2022 10:00AM"
Dow Climbs More Than 300 Points Amid Retail Earnings,Prosecutors Struggle to Catch Up to a Tidal Wave of Pandemic Fraud,"U.S. struggled to convince allies, and Zelensky, of risk of invasion","August 16,2022 02:00PM"
Dow Climbs 300 Points on Solid Retail Earnings,Prosecutors Struggle to Catch Up to a Tidal Wave of Pandemic Fraud,"U.S. struggled to convince allies, and Zelensky, of risk of invasion","August 16,2022 02:30PM"
Dow Climbs 300 Points on Solid Retail Earnings,"Ukraine Defies Russia With Attacks on Crimea, a ‘Holy Land’ to Putin","U.S. struggled to convince allies, and Zelensky, of risk of invasion","August 16,2022 03:00PM"
Dow Climbs on Retail Earnings,"Ukraine Defies Russia With Attacks on Crimea, a ‘Holy Land’ to Putin","U.S. struggled to convince allies, and Zelensky, of risk of invasion","August 16,2022 03:30PM"
Dow Climbs on Retail Earnings,"Biden Signs Sweeping Health, Climate and Tax Law","U.S. struggled to convince allies, and Zelensky, of risk of invasion","August 16,2022 04:30PM"
Retailers Gain as Shoppers Pay More for Fewer Goods,"Biden Signs Sweeping Health, Climate and Tax Law","U.S. struggled to convince allies, and Zelensky, of risk of invasion","August 16,2022 07:00PM"
Retailers Gain as Shoppers Pay More for Fewer Goods,Analysis: Biden Signs Climate and Tax Bill Into Law as Other Goals Remain,"Bracing for loss, Liz Cheney says primary is ‘beginning of the battle’","August 16,2022 08:00PM"
Retailers Gain as Shoppers Pay More for Fewer Goods,Liz Cheney Braces for Wyoming’s Verdict as Polls Close,"Bracing for loss, Liz Cheney says primary is ‘beginning of the battle’","August 16,2022 09:30PM"
Retailers Gain as Shoppers Pay More for Fewer Goods,Liz Cheney Concedes to Trump-Backed Harriet Hageman in Wyoming Primary,Liz Cheney is projected to lose the GOP primary nomination in Wyoming,"August 16,2022 10:30PM"
Retailers Gain as Shoppers Pay More for Fewer Goods,"Liz Cheney, Trump’s Chief Antagonist, Loses Wyoming Primary for House Seat",Cheney loses Wyoming primary as GOP voters deliver a sweeping rebuke,"August 16,2022 11:00PM"
Retailers Gain as Shoppers Pay More for Fewer Goods,"Liz Cheney, Trump’s Chief Antagonist, Loses House Primary in a Landslide",Cheney loses Wyoming primary as GOP voters deliver a sweeping rebuke,"August 17,2022 12:30AM"
"U.K. Inflation Tops 10%, Highest of Rich Nations","Liz Cheney, Trump’s Chief Antagonist, Loses House Primary in a Landslide",Cheney loses Wyoming primary as GOP voters deliver a sweeping rebuke,"August 17,2022 05:00AM"
Retail Spending to Reflect Impact of Lower Gas Prices,"Liz Cheney, Trump’s Chief Antagonist, Loses House Primary in a Landslide",Cheney loses Wyoming primary as GOP voters deliver a sweeping rebuke,"August 17,2022 06:00AM"
Target’s Profit Drops as It Offloads Inventory,"Liz Cheney, Trump’s Chief Antagonist, Loses House Primary in a Landslide",Cheney loses Wyoming primary as GOP voters deliver a sweeping rebuke,"August 17,2022 07:00AM"
Target’s Profit Drops as It Offloads Inventory,"Liz Cheney, Trump’s Chief Antagonist, Loses House Primary in a Landslide",Cheney loses Wyoming primary as GOP voters deliver sweeping rebuke,"August 17,2022 08:00AM"
Retail Spending Was Flat in July as Gasoline Prices Fell,"After Losing in Landslide, Cheney Hints at Presidential Run",Cheney loses Wyoming primary as GOP voters deliver sweeping rebuke,"August 17,2022 09:00AM"
Retail Spending Was Flat in July as Gasoline Prices Fell,"After Losing in Landslide, Cheney Hints at Presidential Run",Cheney loses primary while vowing effort to keep Trump from White House,"August 17,2022 10:00AM"
Retail Sales Steady as U.S. Consumers Shift Spending,"After Losing in Landslide, Cheney Hints at Presidential Run",Cheney loses primary while vowing effort to keep Trump from White House,"August 17,2022 12:00PM"
Retail Sales Steady as U.S. Consumers Shift Spending,"Citing C.D.C.’s Botched Covid Response, Director Calls for Reorganization",Cheney loses primary while vowing effort to keep Trump from White House,"August 17,2022 12:30PM"
Retail Sales Steady as U.S. Consumers Shift Spending,"Citing C.D.C.’s Botched Covid Response, Director Calls for Reorganization",Cheney considering a White House run after drubbing in Wyoming primary,"August 17,2022 01:00PM"
Consumers Shifted Spending Online as Gas Got Cheaper,"Citing C.D.C.’s Botched Covid Response, Director Calls for Reorganization",Cheney considering a White House run after drubbing in Wyoming primary,"August 17,2022 02:00PM"
Stocks Pare Losses as Investors Examine Fed Minutes,"Citing C.D.C.’s Botched Covid Response, Director Calls for Reorganization",Cheney considering a White House run after drubbing in Wyoming primary,"August 17,2022 03:00PM"
Stocks Lower as Investors Parse Fed Meeting Minutes,"Citing C.D.C.’s Botched Covid Response, Director Calls for Reorganization",Cheney considering a White House run after drubbing in Wyoming primary,"August 17,2022 03:30PM"
Stocks Close Lower as Investors Parse Fed Minutes,"Citing C.D.C.’s Botched Covid Response, Director Calls for Reorganization",Cheney considering a White House run after drubbing in Wyoming primary,"August 17,2022 04:30PM"
Retail Spending Held Steady in July as Gas Prices Fell,"Citing C.D.C.’s Botched Covid Response, Director Calls for Reorganization",Cheney considering a White House run after drubbing in Wyoming primary,"August 17,2022 06:00PM"
Retail Spending Held Steady in July as Gas Prices Fell,"CVS, Walgreens and Walmart Must Pay $650.5 Million in Ohio Opioids Case",Cheney considering a White House run after drubbing in Wyoming primary,"August 17,2022 06:30PM"
Retail Spending Held Steady in July as Gas Prices Fell,"CVS, Walgreens and Walmart Must Pay $650.5 Million in Ohio Opioids Case","Trump’s dominance in GOP comes into focus, worrying some in his party","August 17,2022 08:30PM"
"U.S., Taiwan to Begin Formal Talks for Trade, Investment Pact This Fall","CVS, Walgreens and Walmart Must Pay $650.5 Million in Ohio Opioids Case","Trump’s dominance in GOP comes into focus, worrying some in his party","August 18,2022 02:30AM"
"U.S., Taiwan Set for Talks on Trade, Investment Pact","CVS, Walgreens and Walmart Must Pay $650.5 Million in Ohio Opioids Case","Trump’s dominance in GOP comes into focus, worrying some in his party","August 18,2022 03:00AM"
"U.S., Taiwan Set for Talks on Trade, Investment Pact",Europe’s Scorching Summer Puts Unexpected Strain on Energy Supply,"Trump’s dominance in GOP comes into focus, worrying some in his party","August 18,2022 03:30AM"
"U.S., Taiwan Set for Trade, Investment Talks This Fall",Europe’s Scorching Summer Puts Unexpected Strain on Energy Supply,"Trump’s dominance in GOP comes into focus, worrying some in his party","August 18,2022 04:30AM"
Bank Stocks Make a Comeback After Sharp Selloff,Europe’s Scorching Summer Puts Unexpected Strain on Energy Supply,"Trump’s dominance in GOP comes into focus, worrying some in his party","August 18,2022 06:00AM"
U.S. Home-Sales Report for July Comes as Housing Market Cools,Europe’s Scorching Summer Puts Unexpected Strain on Energy Supply,"Trump’s dominance in GOP comes into focus, worrying some in his party","August 18,2022 08:30AM"
Home-Sales Report for July Comes as Market Cools,Europe’s Scorching Summer Puts Unexpected Strain on Energy Supply,"Trump’s dominance in GOP comes into focus, worrying some in his party","August 18,2022 09:00AM"
U.S. Home Sales Dropped for Sixth Straight Month,Europe’s Scorching Summer Puts Unexpected Strain on Energy Supply,"Trump’s dominance in GOP comes into focus, worrying some in his party","August 18,2022 10:30AM"
U.S. Home Sales Decline for Sixth Straight Month,Trump Executive Pleads Guilty to 15 Felonies in Tax Scheme,"Trump’s dominance in GOP comes into focus, worrying some in his party","August 18,2022 11:00AM"
U.S. Home Sales Decline for Sixth Straight Month,Trump Executive Pleads Guilty to 15 Felonies in Tax Scheme,"Allen Weisselberg, longtime Trump Organization CFO, pleads guilty to tax scheme","August 18,2022 11:30AM"
Bed Bath & Beyond Shares Sink After Cohen Files to Sell,Trump Executive Pleads Guilty to 15 Felonies in Tax Scheme,"Allen Weisselberg, longtime Trump Organization CFO, pleads guilty to tax scheme","August 18,2022 12:30PM"
Bed Bath & Beyond Shares Sink After Cohen Files to Sell,Judge Orders Release of Redacted Affidavit Used to Search Trump’s Home,"Allen Weisselberg, longtime Trump Organization CFO, pleads guilty to tax scheme","August 18,2022 02:30PM"
Judge Says He Will Unseal Parts of Affidavit in Mar-a-Lago Search,Judge Orders Release of Redacted Affidavit Used to Search Trump’s Home,"Allen Weisselberg, longtime Trump Organization CFO, pleads guilty to tax scheme","August 18,2022 03:00PM"
Judge to Unseal Parts of Affidavit in Trump Search,Judge Orders Redaction of Affidavit in Trump Search for Possible Release,"Judge tells Justice Dept. to redact Trump search affidavit, says he’s inclined to unseal parts","August 18,2022 03:30PM"
Judge to Unseal Parts of Affidavit in Trump Search,"Judge May Release Affidavit in Trump Search, but Only After Redaction","Judge tells Justice Dept. to redact Trump search affidavit, says he’s inclined to unseal parts","August 18,2022 04:00PM"
"Cohen Sells Stake in Bed Bath & Beyond, Pressuring Shares","Judge May Release Affidavit in Trump Search, but Only After Redaction","Judge tells Justice Dept. to redact Trump search affidavit, says he’s inclined to unseal parts","August 18,2022 07:00PM"
"Cohen Sells Stake in Bed Bath & Beyond, Pressuring Shares","Judge May Release Affidavit in Trump Search, but Only After Redaction",Judge signals he’s willing to unseal some of Mar-a-Lago affidavit,"August 18,2022 08:30PM"
"Cohen Sells Stake in Bed Bath & Beyond, Pressuring Shares","Judge May Release Affidavit in Trump Search, but Only After Redaction",Russia’s spies misread Ukraine and misled Kremlin as war loomed,"August 19,2022 02:30AM"
Bed Bath & Beyond Shares Tumble After Cohen Sells Stake,"Judge May Release Affidavit in Trump Search, but Only After Redaction",Russia’s spies misread Ukraine and misled Kremlin as war loomed,"August 19,2022 06:00AM"
Bed Bath & Beyond Shares Tumble After Cohen Sells Stake,Odesa Is Defiant. It’s Also Putin’s Ultimate Target.,Russia’s spies misread Ukraine and misled Kremlin as war loomed,"August 19,2022 06:30AM"
Investor Turnabout Adds to Bed Bath & Beyond’s Problems,Odesa Is Defiant. It’s Also Putin’s Ultimate Target.,Russia’s spies misread Ukraine and misled Kremlin as war loomed,"August 19,2022 08:30AM"
Investor Sale Adds to Bed Bath & Beyond’s Problems,Odesa Is Defiant. It’s Also Putin’s Ultimate Target.,Russia’s spies misread Ukraine and misled Kremlin as war loomed,"August 19,2022 09:00AM"
Investor Sale Adds to Bed Bath & Beyond’s Problems,"Blasts Reported Behind Russian Lines in Ukraine, and Inside Russia",Russia’s spies misread Ukraine and misled Kremlin as war loomed,"August 19,2022 11:30AM"
Tech Shares Lead Stocks Lower,"Blasts Reported Behind Russian Lines in Ukraine, and Inside Russia",Russia’s spies misread Ukraine and misled Kremlin as war loomed,"August 19,2022 01:30PM"
Techs Lead Slide in Stocks as Dow Falls About 300 Points,"U.S. Is Sending More Weapons to Ukraine, This Time to Aid Counterattack",Russia’s spies misread Ukraine and misled Kremlin as war loomed,"August 19,2022 03:30PM"
Techs Lead Slide in Stocks as Dow Falls About 300 Points,‘I’m Carrying This Baby Just to Bury It’: A Gray Area in Abortion Laws,Russia’s spies misread Ukraine and misled Kremlin as war loomed,"August 19,2022 04:00PM"
Techs Lead Slide in Stocks as Dow Falls Nearly 300 Points,‘I’m Carrying This Baby Just to Bury It’: A Gray Area in Abortion Laws,Russia’s spies misread Ukraine and misled Kremlin as war loomed,"August 19,2022 04:30PM"
Techs Lead Slide in Stocks as Dow Falls Nearly 300 Points,"After Signing Climate Bill, Biden Prepares More Actions to Cut Emissions",Warnings of attack on Ukraine nuclear plant set the world on edge,"August 19,2022 08:00PM"
Banks Nearing $1 Billion Settlement Over Traders’ Use of WhatsApp,"After Signing Climate Bill, Biden Prepares More Actions to Cut Emissions",Warnings of attack on Ukraine nuclear plant set the world on edge,"August 20,2022 12:30AM"
Energy Projects Needed Across U.S. Face Local Hurdles,"After Signing Climate Bill, Biden Prepares More Actions to Cut Emissions",Warnings of attack on Ukraine nuclear plant set the world on edge,"August 20,2022 06:00AM"
Energy Projects Needed Across U.S. Face Local Hurdles,A Migrant Wave Tests New York City’s Identity as a Global Sanctuary,Warnings of attack on Ukraine nuclear plant set the world on edge,"August 20,2022 06:30AM"
Energy Projects Needed Across U.S. Face Local Hurdles,A Migrant Wave Tests New York City’s Identity as a Global Sanctuary,Chinese leader asked Biden to prevent Pelosi from visiting Taiwan,"August 20,2022 09:00AM"
Energy Projects Sought Across U.S. Face Local Hurdles,A Migrant Wave Tests New York City’s Identity as a Global Sanctuary,Chinese leader asked Biden to prevent Pelosi from visiting Taiwan,"August 20,2022 09:30AM"
Energy Projects Sought Across U.S. Face Local Hurdles,A Surge in Migrants Tests New York City’s Identity as a Global Sanctuary,Chinese leader asked Biden to prevent Pelosi from visiting Taiwan,"August 20,2022 11:00AM"